Title,Link,Date 
"Wow its been a while. Time for an update","/2020/wow-its-been-a-while/","June 23, 2020"
"Extracting the subdomain with node.js","/2014/07/25/extracting-the-subdomain-with-nodejs/","July 25, 2014"
"Rift Enabled Canvas Demo","/2014/03/18/rift-enabled-canvas-demo/","March 18, 2014"
"Game Dev Movement cheatsheet with examples","/2013/11/13/snippets-i-always-forget-movement/","November 13, 2013"
"Simple 2d Terrain With Midpoint Displacement","/2013/11/11/simple-2d-terrain-with-midpoint-displacement/","November 12, 2013"
"Burn Away Effect Explanation","/2013/11/07/burn-away-effect-explanation/","November 07, 2013"
"Working on a new JS game","/2013/10/10/working-on-a-new-js-game/","October 10, 2013"
"Recreating gifs for the jsBin Compo","/2013/08/18/recreating-gifs-for-the-jsbin-compo/","August 19, 2013"
"3d Shading with Points","/2013/08/16/3d-shading-with-points/","August 17, 2013"
"Atari Rom Reader, and color picker","/2013/06/20/atari-rom-reader-and-color-picker/","June 20, 2013"
"Creating a canvas platformer tutorial part two","/2013/04/16/creating-a-canvas-platformer-tutorial-part-tw/","April 17, 2013"
"Creating a canvas platformer tutorial part one","/2013/01/09/creating-a-canvas-platformer-tutorial-part-one/","January 09, 2013"
"Rainbow bright bookmarklet","/2013/01/03/rainbow-bright-bookmarklet/","January 03, 2013"
"Snowfall 1.6","/2012/12/01/snowfall-1-6/","December 08, 2012"
"Retroships.com","/2012/10/01/retroships-com/","October 01, 2012"
"Super Simple Wave Simulators","/2012/09/10/super-simple-wave-simulators/","September 10, 2012"
"My sons first game Dark Slayer","/2012/06/21/my-sons-new-game/","June 22, 2012"
"2d Metaballs with canvas!","/2012/06/06/2d-metaballs-with-canvas/","June 07, 2012"
"Turning canvas games into executables","/2012/03/29/turning-canvas-games-into-executables/","March 29, 2012"
"JEST another HTML5 Game Framework","/2012/03/18/jest-another-html-game-framework/","March 19, 2012"
"HTML5 Canvas Flood Fill","/2012/03/07/html5-canvas-flood-fill/","March 07, 2012"
"HTML5 Canvas Particle engine","/2012/02/23/html5-canvas-particle-engine/","February 24, 2012"
"Procedural Canvas Shmup now has a boss and sounds!","/2012/02/13/procedural-canvas-shmup-now-has-a-boss-and-sounds/","February 14, 2012"
"Glow Roids","/2012/02/07/glow-roids/","February 07, 2012"
"Current Project Canvas Shmup","/2012/01/25/current-project-canvas-shmup/","January 26, 2012"
"My SOPA/PIPA Ludum Dare entry","/2012/01/18/my-sopapipa-ludum-dare-entry/","January 19, 2012"
"Installing Alpha Centauri Alien Crossfire on Windows 7","/2012/01/01/alpha-centauri-alien-crossfire-on-windows-7/","January 01, 2012"
"Fake 2d Lighting with javascript","/2011/11/16/fake-2d-lighting-with-javascript/","November 16, 2011"
"Meat Boy Pumpkin!","/2011/10/30/meat-boy-pumpkin/","October 31, 2011"
"Another Android live wallpaper, Forest Scene","/2011/10/30/another-android-live-wallpaper-forest-scene/","October 30, 2011"
"Gaming Gaming Gaming","/2011/10/30/gaming-gaming-gaming/","October 30, 2011"
"Android Live Wallpaper Guts and Goo","/2011/10/11/android-live-wallpaper-guts-and-goo/","October 11, 2011"
"jQuery Snowfall 1.5 update now with snow buildup!","/2011/10/05/jquery-snowfall-1-5-update-now-with-snow-buildup/","October 06, 2011"
"My entry for js1k #3","/2011/04/24/my-entry-for-js1k-3/","April 24, 2011"
"CSS3 Animations are Fun!","/2011/03/14/css3-animations-are-fun/","March 14, 2011"
"JS1k XMAS submission","/2010/12/08/js1k-xmas-submission/","December 09, 2010"
"Jquery Snowfall Plugin 1.4","/2010/12/09/jquery-snowfall-plugin-1-4/","December 09, 2010"
"Jquery Snowfall script updated","/2010/11/25/jquery-snowfall-script-updated/","November 25, 2010"
"Use built in jQuery UI icon with datepicker","/2010/10/06/use-built-in-jquery-ui-icon-with-datepicker/","October 06, 2010"
"Got a kindle","/2010/09/28/got-a-kindle/","September 28, 2010"
"A New look","/2010/09/26/a-new-look/","September 27, 2010"
"jCrumb Instant Breadcrumb plugin","/2010/09/24/jcrumb-instant-breadcrumb-plugin/","September 24, 2010"
"JavaScript time between dates","/2010/09/21/javascript-time-between-dates/","September 21, 2010"
"New js1k Submission JSGrapple","/2010/09/08/new-js1k-submission-jsgrapple/","September 08, 2010"
"JS1k Submission","/2010/08/29/js1k-submission/","August 29, 2010"
"JSLander completed","/2010/07/03/jslander-completed/","July 04, 2010"
"Cellular Texture Generation with JavaScript and Canvas","/2010/07/01/texture-generation-js-canvas/","July 02, 2010"
"Michiganwakeup.com Site Design","/2010/06/24/michiganwakeup-com-site-design/","June 25, 2010"
"DSx86 is awesome!","/2010/06/08/dsx86-is-awesome/","June 08, 2010"
"New Design for Mio Ausable Schools","/2010/05/25/new-design-for-mio-ausable-schools/","May 25, 2010"
"JavaScript Canvas Lightning Effect","/2010/05/25/javascript-canvas-lightning-effect/","May 25, 2010"
"MySQL Stored Procedures IF NOT EXISTS()","/2010/05/06/mysql-stored-procedures-if-not-exists/","May 06, 2010"
"Minecraft fun and editing","/2010/05/02/minecraft-fun-and-editing/","May 02, 2010"
"Jquery Snowfall Plugin 1.3","/2010/04/29/jquery-snowfall-plugin-1-3/","April 30, 2010"
"Game Related Snippets I always Forget","/2010/04/26/game-related-snippets-i-always-forget/","April 26, 2010"
"Quick Sort algorithm comparison","/2010/04/21/quick-sort-algorithm-comparison/","April 21, 2010"
"How to get the week in a month for a date with Javascript","/2010/04/14/how-to-get-the-week-in-a-month-for-a-date-with-javascript/","April 14, 2010"
"Javascript Sorting by date time","/2010/04/12/javascript-sorting-by-date-time/","April 12, 2010"
"Canvas Lunar Lander update","/2010/04/11/canvas-lunar-lander-update/","April 12, 2010"
"Lunar Lander Canvas Game","/2010/04/07/lunar-lander-canvas-game/","April 08, 2010"
"Dynamic rotated sprite sheets with JavaScript","/2010/02/06/dynamic-rotated-sprite-sheet-with-javascripts/","February 07, 2010"
"New Canvas game im working on","/2010/02/01/new-canvas-game-im-working-on/","February 02, 2010"
"Snowfall Plugin Updated","/2009/12/20/snowfall-plugin-updated/","December 21, 2009"
"Jquery Snowfall plugin","/2009/12/19/jquery-snowfall-plugin/","December 19, 2009"
"Terrain Generation with Canvas and JavaScript","/2009/12/06/terrain-generation-with-canvas-and-javascript/","December 07, 2009"
"Quick Canvas Game","/2009/03/14/quick-canvas-game/","March 14, 2009"
"OpenGL Screensaver","/2009/02/24/opengl-screensaver/","February 25, 2009"
"Messing around with OpenGL","/2009/02/23/messing-around-with-opengl/","February 23, 2009"
"My Current Flash Project","/2009/02/15/my-current-flash-project/","February 16, 2009"
"Aviary Raven","/2009/02/11/aviary-raven/","February 12, 2009"
"Hello everyone.. or just me","/2009/02/04/hello-world/","February 05, 2009"
